{
  "mainAssemblyName": "FrontBlazor",
  "resources": {
    "hash": "sha256-NcRofgBTgMNzvfT/smr5rAZf7Po+KLgRKLe53QpV/N8=",
    "jsModuleNative": {
      "dotnet.native.8.0.12.b285brpr34.js": "sha256-B6DNRvFeCUi3jbx9uKpuj+hV9cN0KG4RdZj1FgBZwj8="
    },
    "jsModuleRuntime": {
      "dotnet.runtime.8.0.12.028zczkoh4.js": "sha256-aTAnT1r/EAWev8oI/mTFI9nH3RsfA5M822bNiGhok6U="
    },
    "wasmNative": {
      "dotnet.native.wasm": "sha256-4X9eav+Ak45oe3jDiM7H2gSxg1ZRzmhn9QfZURenUbE="
    },
    "icu": {
      "icudt_CJK.dat": "sha256-SZLtQnRc0JkwqHab0VUVP7T3uBPSeYzxzDnpxPpUnHk=",
      "icudt_EFIGS.dat": "sha256-8fItetYY8kQ0ww6oxwTLiT3oXlBwHKumbeP2pRF4yTc=",
      "icudt_no_CJK.dat": "sha256-L7sV7NEYP37/Qr2FPCePo5cJqRgTXRwGHuwF5Q+0Nfs="
    },
    "assembly": {
      "FrontBlazor.wasm": "sha256-p0bg9Tg8MDylgaMdH24iVmvi+wM67rzOanzZgeXS/jU=",
      "Microsoft.AspNetCore.Components.Forms.wasm": "sha256-IQMRRr8RLceQKPkjt2yZanGwPumo5Nj+YGJZ11Hm3lM=",
      "Microsoft.AspNetCore.Components.wasm": "sha256-v0+68EcAZsprSqbuJs2XgmiwcyLGHycHNrQf04iyNlQ=",
      "Microsoft.AspNetCore.Components.Web.wasm": "sha256-STB+LVO8CyabiaoFav6L+/NAyy1UKXHE1Ar6rqDhS9g=",
      "Microsoft.AspNetCore.Components.WebAssembly.wasm": "sha256-ulFkGoRTLg564UaA76K9NB9rW6aM52ZgUTyq+8AFepk=",
      "Microsoft.Extensions.Configuration.Abstractions.wasm": "sha256-87sn2TYqgdZ95sXmavjKEzoEfMgHnYQ9LOvnMX+aZcI=",
      "Microsoft.Extensions.Configuration.Json.wasm": "sha256-Sxmy2ZS134URxbHEvdbS6NcQ3zXS7UWx/5ZPpwiW7FA=",
      "Microsoft.Extensions.Configuration.wasm": "sha256-jYqHUZ07UYWc8POk7xhas6xQYH7t1qoTcylqoDqncJk=",
      "Microsoft.Extensions.DependencyInjection.Abstractions.wasm": "sha256-6T/pdUnVYG7kV8DGc/6owN6V6x/B/grHS1dPrqt70d8=",
      "Microsoft.Extensions.DependencyInjection.wasm": "sha256-gg8xZqJsBBrrNEyUGzYqhL3sqkuZ4AHAvdTdL9nZ0S0=",
      "Microsoft.Extensions.Logging.Abstractions.wasm": "sha256-ANHk0gWdcPxR0PG/5Ppt4UT8qlk3d9hn2uRmG3IJ3r4=",
      "Microsoft.Extensions.Logging.wasm": "sha256-8BH+kQfjYuZWxprOICXJ4+tU0OdJOYDKN7G0S3zYYHI=",
      "Microsoft.Extensions.Options.wasm": "sha256-ezKJDNjeghS/qMdQmUpBPdH7bCDLrqkNqS6RsLxlpOY=",
      "Microsoft.Extensions.Primitives.wasm": "sha256-Ms2HR5Gpug/0uRAzdk4SUNT76Ml3CjFv9Jo+dUIMGac=",
      "Microsoft.JSInterop.wasm": "sha256-DOtnQ3+rR9fdahebbFqXxx60H7B8jR03AaYj4y/r7z4=",
      "Microsoft.JSInterop.WebAssembly.wasm": "sha256-nJo9AftA2/mHxtXapqHsgjzQgIHOpue2DnVtxkgTSME=",
      "System.Collections.Concurrent.wasm": "sha256-X0Fhsrxv1Bg0X2yrBwHcvi5GkMhDj0K6v0YODn5aJRk=",
      "System.Collections.NonGeneric.wasm": "sha256-wR+FGSmPYs61ygAVu3+R5czpGSSc3G0rSbBuZ4jFYGc=",
      "System.Collections.Specialized.wasm": "sha256-XfIW4B4CKSI/1DSYDI72nwHicvKjvEaNVx+o0pNl7UY=",
      "System.Collections.wasm": "sha256-pGJLODQJfUngmhr4Un6DYYVwLm83nfPBcRldr2sDAlE=",
      "System.ComponentModel.Annotations.wasm": "sha256-MDA3Ah+r0Zke3Qhp925OkDUy4sUBv1tn66q8UIs1dbo=",
      "System.ComponentModel.Primitives.wasm": "sha256-PCRihhUswz3vOCWvQM/kTuL0NaR/kDYXkGW2qNn+T7I=",
      "System.ComponentModel.TypeConverter.wasm": "sha256-vJ/tMTonVN2um8G8Jp3KgNQU+cZ4Bj45wjvz86X6dPY=",
      "System.ComponentModel.wasm": "sha256-hSh+rjcsveP9kxlfYwZOK/9VOeey093qrIs5Nkubg78=",
      "System.Console.wasm": "sha256-X3FDDgN2V3tAgF2OaJJeG3hH4uUxNuJM1u6uibLXr6Q=",
      "System.Diagnostics.DiagnosticSource.wasm": "sha256-9Z1XnJPLz4BNOhdwOZwjyVIlVCYqb7A80LV1zsDUjTk=",
      "System.Linq.Expressions.wasm": "sha256-Z8OYQU0UdfRneZ2p5t0yVuuAUWpd0gJqFsFNNQPNJ/I=",
      "System.Linq.wasm": "sha256-Yn5rURSEdaVw+/rZwbDfUyleXngysFblRwLLopXXUyA=",
      "System.Memory.wasm": "sha256-zsz9UX8HSwnVSbc3LU1MNmjzd43TKrsrmUDk5VAkhr8=",
      "System.Net.Http.Json.wasm": "sha256-ssbnw5r17g2OlVOMs0LlIH+zKnb/hYWuCb2bRWXcU6s=",
      "System.Net.Http.wasm": "sha256-D4ToBRvuSgoCj2Vwi/huwP41zfB2lt7yTE5yNWsaU/I=",
      "System.Net.Primitives.wasm": "sha256-73/NKJYKn5AZt5l+nd+RedvuMZY7bdOHWDDPmULQVew=",
      "System.ObjectModel.wasm": "sha256-NnLuk6ArgQ9wM6rIuHp0pTQ/3lCT2e68Bf+x0slF6v8=",
      "System.Private.CoreLib.wasm": "sha256-Ht0DmMqCbrazfdV022bZdFDUhPcwbCoekQTSGJwG8AU=",
      "System.Private.Uri.wasm": "sha256-Fv5QUMM3ieamT5NOPAoUF213LDR1FkywTBsDaZ3fu80=",
      "System.Runtime.InteropServices.JavaScript.wasm": "sha256-5z6vXzc+MuV019GHXx1aXr8kt9dKI8X/QcFauhDFuDU=",
      "System.Runtime.Serialization.Primitives.wasm": "sha256-QoZV9xlVG4sk2BwBsupAgvmrt4fTDuTcgTAZJv3+9Lw=",
      "System.Runtime.wasm": "sha256-+iLrDJDWUsCsDSHc0fKwuB9eJY1nxt7f3NtvJV7RXGo=",
      "System.Text.Encodings.Web.wasm": "sha256-RPYuh7STNJ+yaTHDWIpAPz8FDjy5XjkS8SD4SJKRb3g=",
      "System.Text.Json.wasm": "sha256-lH503vLaRxU7lfS2avoKfXJoDPQaKWG1zCKMr/Klm8w=",
      "System.Text.RegularExpressions.wasm": "sha256-PzcT21B77hoKycqSvitRlulgbeWhzFoKvV+TSIevNqU=",
      "System.wasm": "sha256-tMf6lZhvCyLVXi3StlyVuo8/Ozl9VCeSEJXsZ9kx8fE="
    }
  },
  "cacheBootResources": true,
  "debugLevel": 0,
  "linkerEnabled": true,
  "globalizationMode": "sharded",
  "extensions": {
    "blazor": {}
  }
}